ID,Modulo,Titulo,Tecnica,Tipo,Prioridad,Precondicion,Pasos,Datos,Resultado_esperado
SMK-01,Plataforma,"/health responde y anuncia commit","—","Smoke","Crítica","Backend desplegado","GET {API_BASE}/health","—","200; {status:OK, commit:<hash|local>}"
SMK-02,Auth,"Login carga con sus controles","—","Smoke","Crítica","App desplegada","Abrir /login","—","Se ven email, contraseña y botón Ingresar"
SMK-03,Auth,"Login válido entra","Partición equivalencia","Funcional positivo","Crítica","Cuenta ADMIN válida","Capturar email+pass válidos; clic Ingresar","admin válido","Redirige fuera de /login a la casa del rol"
AUT-01,Auth,"Login inválido no entra","Partición equivalencia","Negativo","Crítica","—","Capturar credenciales falsas; Ingresar","noexiste@x.com / mala","Permanece en /login y muestra error legible"
AUT-02,Auth,"Password vacío rechazado","Valor frontera","Negativo","Alta","—","POST /auth/login con password=''","password vacío","400/401/422; nunca 200"
AUT-03,Auth,"Endpoint protegido sin token","—","Seguridad","Crítica","—","GET /auth/me sin Authorization","sin token","401"
AUT-04,Auth,"Token expirado/ inválido","Transición de estado","Seguridad","Alta","Token manipulado","GET /auth/me con Bearer basura","token inválido","401 y front redirige a /login"
AUT-05,Auth,"Cambio de password fuerza re-login","Transición de estado","Funcional","Media","Usuario con passwordChangeRequired","Login; cambiar password; validar sesión","—","Exige nueva contraseña; queda marcado como cambiado"
RBAC-01,Seguridad,"Grupo acotado no ve módulo ajeno (UI)","Tabla de decisión","Seguridad","Crítica","Cuenta PUNTO_VENTA","Login; teclear /nomina","limited PUNTO_VENTA","Rebota a /pos; no pinta pantalla vacía"
RBAC-02,Seguridad,"Backend niega módulo con 403","Tabla de decisión","Seguridad","Crítica","Cuenta PUNTO_VENTA","GET /nomina/empleados con su token","limited","403 (o 401)"
RBAC-03,Seguridad,"ADMIN_ALL sí alcanza el módulo","Tabla de decisión","Positivo","Alta","Cuenta ADMIN_ALL","GET /accounting/estado con su token","admin","Nunca 403"
EMP-01,Multiempresa,"Cambio de empresa activa","Transición de estado","Funcional","Alta","Usuario con 2+ empresas","GET /auth/companies; POST /auth/switch-company","companyId válido","Token NUEVO con workGroup de esa empresa"
EMP-02,Multiempresa,"Switch a empresa sin acceso","Tabla de decisión","Negativo","Alta","Usuario sin acceso a X","POST /auth/switch-company con X ajena","companyId ajeno","403/404; no cambia de empresa"
FAC-01,Facturación,"Alta de factura PUE válida","Partición equivalencia","Funcional","Crítica","Cliente y producto existentes","Crear factura, conceptos, guardar","CFDI 4.0 PUE","Factura creada; totales e impuestos correctos"
FAC-02,Facturación,"Factura con RFC receptor inválido","Valor frontera","Negativo","Alta","—","Capturar RFC malformado","RFC 'XXX'","Rechaza con mensaje de validación"
FAC-03,Facturación,"Importes en frontera (0 y negativos)","Valor frontera","Edge","Alta","—","Cantidad=0; precio<0","0 / -1","Rechaza; no permite total negativo"
CFDI-01,Timbrado/PAC,"Timbrado en sandbox exige RFC de prueba","Tabla de decisión","Integración","Crítica","SW_SAPIEN_ENV=sandbox","Timbrar con Emisor != EKU9003173C9","RFC real","Rechaza: 'sandbox solo acepta EKU9003173C9'"
CFDI-02,Timbrado/PAC,"Timbrado sandbox con RFC de prueba","—","Integración","Alta","sandbox + CSD prueba","Timbrar CFDI con EKU9003173C9","EKU9003173C9","Devuelve UUID y XML sellado"
CFDI-03,Timbrado/PAC,"PAC no disponible (timeout)","Transición de estado","Negativo","Alta","Simular caída del PAC","Timbrar con PAC inaccesible","—","Error controlado; no deja factura en estado ambiguo"
CFDI-04,Cancelación,"Cancelar CFDI ya timbrado","Transición de estado","Funcional","Alta","CFDI timbrado","Solicitar cancelación","motivo 02","Estado pasa a cancelado; registra acuse"
PAG-01,Pagos,"Complemento de pago (PPD)","Tabla de decisión","Funcional","Alta","Factura PPD abierta","Registrar pago parcial y total","PPD","Genera complemento; salda documento"
CON-01,Contabilidad,"Póliza de venta desde CFDI","—","Integración","Crítica","Factura timbrada + mapeo 401","Generar póliza de la factura","factura PUE","Cargo cliente / abono 401 + IVA 208; cuadra"
CON-02,Contabilidad,"Balanza cuadra (Σcargo=Σabono)","—","Integración","Crítica","Pólizas del mes","Abrir /contabilidad/balanza","mes con pólizas","Suma cargos = suma abonos; sin descuadre"
CON-03,Contabilidad,"Importar catálogo CONTPAQi TXT","Partición equivalencia","Integración","Alta","Archivo TXT ancho fijo","Importar catálogo","catalogo.txt","Crea cuentas ligadas por padre; idempotente"
CON-04,Contabilidad,"Cierre del ejercicio re-ejecutable","Transición de estado","Funcional","Alta","Ejercicio con resultado","Ejecutar cierre; volver a ejecutar","año fiscal","Resultado a 305; correr N veces no duplica"
CON-05,Contabilidad,"Cierre en periodo CERRADO","Tabla de decisión","Negativo","Media","Periodo marcado CERRADO","Intentar asentar póliza","—","Rechaza; respeta el candado del periodo"
TES-01,Tesorería,"Extraer estado de cuenta (banco soportado)","Partición equivalencia","Funcional","Alta","PDF de banco con texto","Cargar PDF Banorte/BBVA","estado real","Movimientos cuadran contra saldo final"
TES-02,Tesorería,"Extraer tarjeta de crédito (pasivo)","Tabla de decisión","Funcional","Alta","PDF de tarjeta","Cargar estado de tarjeta","Banorte/Stori","Cuadra: adeudo ant + cargos - pagos = actual"
TES-03,Tesorería,"PDF escaneado sin texto","Valor frontera","Edge","Media","PDF imagen (Stori escaneado)","Cargar PDF sin capa de texto","escaneado","Avisa que requiere OCR/CSV; no inventa movimientos"
TES-04,Tesorería,"Conciliación de tarjeta invierte el lado","Tabla de decisión","Integración","Alta","Cuenta TARJETA_CREDITO","Conciliar compra y pago","tarjeta","Compra->abono, pago->cargo; idempotente por UUID"
NOM-01,Nómina,"Importar empleados por Excel","Partición equivalencia","Integración","Alta","Plantilla llena","Importar Excel de trabajadores","plantilla.xlsx","Crea empleados + créditos FONACOT/préstamo"
NOM-02,Nómina,"Subsidio 2026 correcto","Valor frontera","Funcional","Alta","Parámetros 2026","Calcular nómina con subsidio","tope subsidio","Usa 535.65 (no 536.22)"
INV-01,Inventario,"Kardex refleja entradas/salidas","Transición de estado","Funcional","Media","Producto con movimientos","Registrar entrada y salida; ver Kardex","—","Existencias y costo se actualizan"
CP-01,Carta Porte,"Lector XML solo Carta Porte","Tabla de decisión","Funcional","Media","XML con complemento CP 3.1","Cargar XML en /carta-porte/lector-xml","XML CP","Extrae ubicaciones/mercancías; ignora no-CP"
PERF-01,Performance,"Smoke de latencia en /health","—","Performance","Media","Ambiente NO prod","k6 run k6/smoke.js (5 VUs, 30s)","—","p95<800ms y <1% errores"
A11Y-01,Accesibilidad,"Login navegable por teclado","—","Accesibilidad","Media","—","Tabular email->pass->Ingresar; Enter","—","Foco visible; envía con Enter (WCAG 2.2)"
A11Y-02,Accesibilidad,"Inputs con etiqueta asociada","—","Accesibilidad","Media","—","Inspeccionar labels de /login","—","Cada input tiene label asociable (name/for/aria)"
SEC-01,Seguridad,"Datos sensibles fuera de URL","—","Seguridad","Alta","—","Revisar que RFC/CSD no viajen en query","—","Sin PII en query string ni logs"
SEC-02,Seguridad,"La .key de e.firma nunca se persiste","—","Seguridad","Crítica","Firma de contrato/CSD","Firmar y revisar almacenamiento","e.firma","La llave privada vive en memoria; no se guarda"
